{
  "id": "2382836",
  "name": "no name",
  "font_family": "iconfont",
  "css_prefix_text": "icon-",
  "description": "",
  "glyphs": [
    {
      "icon_id": "1652467",
      "name": "读书",
      "font_class": "dushu",
      "unicode": "e61a",
      "unicode_decimal": 58906
    },
    {
      "icon_id": "4225757",
      "name": "读书会",
      "font_class": "dushuhui",
      "unicode": "e939",
      "unicode_decimal": 59705
    },
    {
      "icon_id": "6154871",
      "name": "视频",
      "font_class": "shipin",
      "unicode": "e62f",
      "unicode_decimal": 58927
    },
    {
      "icon_id": "8670606",
      "name": "读书分享",
      "font_class": "dushufenxiang",
      "unicode": "e64b",
      "unicode_decimal": 58955
    },
    {
      "icon_id": "14796132",
      "name": "视频",
      "font_class": "shipin1",
      "unicode": "e660",
      "unicode_decimal": 58976
    },
    {
      "icon_id": "17189278",
      "name": "网页",
      "font_class": "wangye",
      "unicode": "e60c",
      "unicode_decimal": 58892
    },
    {
      "icon_id": "17481208",
      "name": "读书报告",
      "font_class": "dushubaogao",
      "unicode": "e61b",
      "unicode_decimal": 58907
    },
    {
      "icon_id": "19572882",
      "name": "视频",
      "font_class": "shipin2",
      "unicode": "e66d",
      "unicode_decimal": 58989
    },
    {
      "icon_id": "20382669",
      "name": "网页",
      "font_class": "wangye1",
      "unicode": "e609",
      "unicode_decimal": 58889
    },
    {
      "icon_id": "21239883",
      "name": "网页",
      "font_class": "wangye2",
      "unicode": "e65f",
      "unicode_decimal": 58975
    },
    {
      "icon_id": "1922581",
      "name": "工作",
      "font_class": "gongzuo",
      "unicode": "e606",
      "unicode_decimal": 58886
    },
    {
      "icon_id": "11696803",
      "name": "工作",
      "font_class": "gongzuo1",
      "unicode": "e6b8",
      "unicode_decimal": 59064
    },
    {
      "icon_id": "12084494",
      "name": "工作 copy 8",
      "font_class": "gongzuocopy",
      "unicode": "e777",
      "unicode_decimal": 59255
    },
    {
      "icon_id": "21354690",
      "name": "工作",
      "font_class": "gongzuo2",
      "unicode": "e6d7",
      "unicode_decimal": 59095
    },
    {
      "icon_id": "2813516",
      "name": "学历认证",
      "font_class": "xuelifenbu",
      "unicode": "e605",
      "unicode_decimal": 58885
    },
    {
      "icon_id": "3547613",
      "name": "学历",
      "font_class": "xueli",
      "unicode": "e67c",
      "unicode_decimal": 59004
    },
    {
      "icon_id": "18964129",
      "name": "学历@2x",
      "font_class": "xueli2x",
      "unicode": "e67d",
      "unicode_decimal": 59005
    },
    {
      "icon_id": "3994585",
      "name": "line",
      "font_class": "line",
      "unicode": "e6ac",
      "unicode_decimal": 59052
    },
    {
      "icon_id": "10025795",
      "name": "Line Messenger",
      "font_class": "LineMessenger",
      "unicode": "e616",
      "unicode_decimal": 58902
    },
    {
      "icon_id": "12971557",
      "name": "we-chat",
      "font_class": "we-chat",
      "unicode": "e602",
      "unicode_decimal": 58882
    },
    {
      "icon_id": "14957071",
      "name": "facebook",
      "font_class": "4CEBA48D845888E06C868951A5E1A875",
      "unicode": "e619",
      "unicode_decimal": 58905
    },
    {
      "icon_id": "17343637",
      "name": "footer_FACEBOOK",
      "font_class": "icon-facebook",
      "unicode": "e608",
      "unicode_decimal": 58888
    },
    {
      "icon_id": "18164364",
      "name": "we-chat",
      "font_class": "we-chat1",
      "unicode": "e603",
      "unicode_decimal": 58883
    },
    {
      "icon_id": "2257941",
      "name": "标题",
      "font_class": "biaoti",
      "unicode": "e68b",
      "unicode_decimal": 59019
    },
    {
      "icon_id": "6338092",
      "name": "标题",
      "font_class": "biaoti1",
      "unicode": "e67b",
      "unicode_decimal": 59003
    },
    {
      "icon_id": "14541707",
      "name": "笔",
      "font_class": "bi",
      "unicode": "e620",
      "unicode_decimal": 58912
    },
    {
      "icon_id": "19385031",
      "name": "证书",
      "font_class": "zhengshu",
      "unicode": "e604",
      "unicode_decimal": 58884
    },
    {
      "icon_id": "19745898",
      "name": "搜索--1",
      "font_class": "sousuo",
      "unicode": "e600",
      "unicode_decimal": 58880
    },
    {
      "icon_id": "19847671",
      "name": "更多",
      "font_class": "gengduo",
      "unicode": "e601",
      "unicode_decimal": 58881
    }
  ]
}
